"Customer Name","Product Name","Employee Name","Location","Quantity Purchased","Total Price","Time of Purchase","Store Profit"
"Tony Hall","Skirt","Amy Gomez","San Antonio, TX",20,"$299.80","2023-01-09 11:26:28","$174.80"
"Tony Hall","Lego Set","Jacob Frank","San Antonio, TX",2,"$51.98","2023-01-09 11:28:19","$41.98"
"Tony Hall","Protein Powder","Jacob Frank","San Antonio, TX",25,"$849.75","2023-01-09 11:28:19","$724.75"
"Tony Hall","Desk chair","John Adams","San Antonio, TX",7,"$419.93","2023-01-09 11:28:19","$313.18"
"Tony Hall","Foldable Table","Amy Gomez","San Antonio, TX",20,"$799.80","2023-01-09 11:28:19","$599.80"
"Tony Hall","Skirt","John Smith","San Antonio, TX",23,"$344.77","2023-01-09 11:28:19","$201.02"
"Tony Hall","Desk chair","Amy Gomez","San Antonio, TX",4,"$239.96","2023-01-09 11:28:19","$178.96"
"Tony Hall","T-shirt","John Smith","San Antonio, TX",16,"$239.84","2023-01-09 11:29:48","$183.84"
"Tony Hall","T-shirt","John Adams","San Antonio, TX",25,"$374.75","2023-01-09 11:29:48","$287.25"
"Tony Hall","Foldable Table","Amy Gomez","San Antonio, TX",18,"$719.82","2023-01-09 11:29:48","$539.82"
"Tony Hall","Protein Powder","Amy Gomez","San Antonio, TX",15,"$509.85","2023-01-09 11:29:48","$434.85"
"Tony Hall","Foldable Table","Amy Gomez","San Antonio, TX",17,"$679.83","2023-01-09 11:29:48","$509.83"
"Tony Hall","Toy Car","Jacob Frank","San Antonio, TX",14,"$31.50","2023-01-09 11:29:48","$28.00"
"Tony Hall","Noodles","Amy Gomez","San Antonio, TX",11,"$21.89","2023-01-09 11:29:48","$20.24"
"Tony Hall","Hats","Amy Gomez","San Antonio, TX",3,"$29.97","2023-01-09 11:29:48","$23.97"
"Tony Hall","Foldable Chair","Jacob Frank","San Antonio, TX",24,"$479.76","2023-01-09 11:29:48","$353.76"
"Tony Hall","T-shirt","Jacob Frank","San Antonio, TX",10,"$149.90","2023-01-09 11:29:48","$114.90"
"Tony Hall","T-shirt","John Smith","San Antonio, TX",12,"$179.88","2023-01-09 11:29:48","$137.88"
"Tony Hall","T-shirt","John Smith","San Antonio, TX",17,"$254.83","2023-01-09 11:29:48","$195.33"
"Tony Hall","Barbie Doll","Amy Gomez","San Antonio, TX",21,"$209.79","2023-01-09 11:29:48","$167.79"
"Tony Hall","Lego Set","Amy Gomez","San Antonio, TX",21,"$545.79","2023-01-09 11:29:48","$440.79"
"Tony Hall","Lego Set","Amy Gomez","San Antonio, TX",6,"$155.94","2023-01-09 11:29:48","$125.94"
"Tony Hall","Shorts","Amy Gomez","San Antonio, TX",21,"$314.79","2023-01-09 11:29:48","$209.79"
"Tony Hall","Noodles","Jacob Frank","San Antonio, TX",16,"$31.84","2023-01-09 11:29:48","$29.44"
"Tony Hall","Shorts","John Smith","San Antonio, TX",9,"$134.91","2023-01-09 11:29:48","$89.91"
"Tony Hall","Lego Set","Amy Gomez","San Antonio, TX",15,"$389.85","2023-01-09 11:29:48","$314.85"
"Tony Hall","Foldable Table","John Adams","San Antonio, TX",18,"$719.82","2023-01-09 11:29:48","$539.82"
"Tony Hall","Skirt","John Adams","San Antonio, TX",22,"$329.78","2023-01-09 11:29:48","$192.28"
"Tony Hall","Foldable Chair","Jacob Frank","San Antonio, TX",20,"$399.80","2023-01-09 11:29:48","$294.80"
"Tony Hall","Toy Car","John Adams","San Antonio, TX",6,"$13.50","2023-01-09 11:29:48","$12.00"
"Tony Hall","Noodles","Jacob Frank","San Antonio, TX",20,"$39.80","2023-01-09 11:29:48","$36.80"
"Tony Hall","Shorts","Jacob Frank","San Antonio, TX",2,"$29.98","2023-01-09 11:29:48","$19.98"
"Tony Hall","Protein Powder","Amy Gomez","San Antonio, TX",13,"$441.87","2023-01-09 11:29:48","$376.87"
"Tony Hall","Noodles","Jacob Frank","San Antonio, TX",5,"$9.95","2023-01-09 11:29:49","$9.20"
"Tony Hall","Barbie Doll","Amy Gomez","San Antonio, TX",16,"$159.84","2023-01-09 11:29:49","$127.84"
"Tony Hall","Skirt","Amy Gomez","San Antonio, TX",14,"$209.86","2023-01-09 11:29:49","$122.36"
"Tony Hall","Foldable Chair","John Adams","San Antonio, TX",10,"$199.90","2023-01-09 11:29:49","$147.40"
"Tony Hall","Foldable Table","John Adams","San Antonio, TX",3,"$119.97","2023-01-09 11:29:49","$89.97"
"Tony Hall","Noodles","Jacob Frank","San Antonio, TX",6,"$11.94","2023-01-09 11:29:49","$11.04"
"Tony Hall","Protein Powder","Amy Gomez","San Antonio, TX",22,"$747.78","2023-01-09 11:29:49","$637.78"
"Tony Hall","Toy Car","John Smith","San Antonio, TX",16,"$36.00","2023-01-09 11:29:49","$32.00"
"Tony Hall","Desk chair","Amy Gomez","San Antonio, TX",9,"$539.91","2023-01-09 11:29:49","$402.66"
"Tony Hall","Foldable Table","Amy Gomez","San Antonio, TX",18,"$719.82","2023-01-09 11:29:49","$539.82"
"Tony Hall","Hats","Amy Gomez","San Antonio, TX",11,"$109.89","2023-01-09 11:29:49","$87.89"
"Tony Hall","Foldable Table","Jacob Frank","San Antonio, TX",19,"$759.81","2023-01-09 11:29:49","$569.81"
"Tony Hall","Foldable Table","Amy Gomez","San Antonio, TX",17,"$679.83","2023-01-09 11:29:49","$509.83"
"Tony Hall","Foldable Chair","Amy Gomez","San Antonio, TX",9,"$179.91","2023-01-09 11:29:49","$132.66"
"Tony Hall","Lego Set","Amy Gomez","San Antonio, TX",19,"$493.81","2023-01-09 11:29:49","$398.81"
"Tony Hall","Shorts","Amy Gomez","San Antonio, TX",24,"$359.76","2023-01-09 11:29:49","$239.76"
"Tony Hall","Barbie Doll","John Adams","San Antonio, TX",17,"$169.83","2023-01-10 10:41:58","$135.83"
"Tony Hall","Noodles","Amy Gomez","San Antonio, TX",11,"$21.89","2023-01-10 10:41:58","$20.24"
"Tony Hall","T-shirt","Jacob Frank","San Antonio, TX",17,"$254.83","2023-01-10 10:41:58","$195.33"
"Tony Hall","Foldable Chair","Jacob Frank","San Antonio, TX",10,"$199.90","2023-01-10 10:42:01","$147.40"
"Tim Jenkins","Skirt","Jacob Frank","San Antonio, TX",8,"$119.92","2023-01-09 11:26:28","$69.92"
"Tim Jenkins","Shorts","Jacob Frank","San Antonio, TX",11,"$164.89","2023-01-09 11:26:28","$109.89"
"Tim Jenkins","Desk chair","John Smith","San Antonio, TX",1,"$59.99","2023-01-09 11:26:28","$44.74"
"Tim Jenkins","Barbie Doll","John Adams","San Antonio, TX",2,"$19.98","2023-01-09 11:26:28","$15.98"
"Tim Jenkins","Hats","John Adams","San Antonio, TX",14,"$139.86","2023-01-09 11:26:28","$111.86"
"Tim Jenkins","Lego Set","Jacob Frank","San Antonio, TX",24,"$623.76","2023-01-09 11:26:28","$503.76"
"Tim Jenkins","Foldable Chair","Jacob Frank","San Antonio, TX",6,"$119.94","2023-01-09 11:26:28","$88.44"
"Tim Jenkins","Lego Set","Amy Gomez","San Antonio, TX",11,"$285.89","2023-01-09 11:26:28","$230.89"
"Tim Jenkins","Oat Bar","Amy Gomez","San Antonio, TX",7,"$6.93","2023-01-09 11:26:28","$6.23"
"Tim Jenkins","Desk chair","Amy Gomez","San Antonio, TX",6,"$359.94","2023-01-09 11:26:28","$268.44"
"Tim Jenkins","Barbie Doll","John Adams","San Antonio, TX",18,"$179.82","2023-01-09 11:26:28","$143.82"
"Tim Jenkins","Noodles","Amy Gomez","San Antonio, TX",24,"$47.76","2023-01-09 11:26:28","$44.16"
"Tim Jenkins","Shorts","Jacob Frank","San Antonio, TX",12,"$179.88","2023-01-09 11:28:19","$119.88"
"Tim Jenkins","Desk chair","Amy Gomez","San Antonio, TX",3,"$179.97","2023-01-09 11:28:19","$134.22"
"Tim Jenkins","Skirt","John Smith","San Antonio, TX",10,"$149.90","2023-01-09 11:28:19","$87.40"
"Tim Jenkins","Barbie Doll","Amy Gomez","San Antonio, TX",22,"$219.78","2023-01-09 11:28:19","$175.78"
"Tim Jenkins","Foldable Table","Jacob Frank","San Antonio, TX",21,"$839.79","2023-01-09 11:28:19","$629.79"
"Tim Jenkins","Desk chair","Amy Gomez","San Antonio, TX",2,"$119.98","2023-01-09 11:28:19","$89.48"
"Tim Jenkins","Lego Set","Jacob Frank","San Antonio, TX",2,"$51.98","2023-01-09 11:28:19","$41.98"
"Tim Jenkins","Foldable Table","Amy Gomez","San Antonio, TX",18,"$719.82","2023-01-09 11:28:19","$539.82"
"Tim Jenkins","Shorts","Amy Gomez","San Antonio, TX",2,"$29.98","2023-01-09 11:28:19","$19.98"
"Tim Jenkins","T-shirt","John Smith","San Antonio, TX",7,"$104.93","2023-01-09 11:28:19","$80.43"
"Tim Jenkins","Foldable Chair","Amy Gomez","San Antonio, TX",14,"$279.86","2023-01-09 11:28:19","$206.36"
"Tim Jenkins","Protein Powder","Amy Gomez","San Antonio, TX",18,"$611.82","2023-01-09 11:28:19","$521.82"
"Tim Jenkins","T-shirt","Jacob Frank","San Antonio, TX",10,"$149.90","2023-01-09 11:29:48","$114.90"
"Tim Jenkins","Protein Powder","Jacob Frank","San Antonio, TX",11,"$373.89","2023-01-09 11:29:48","$318.89"
"Tim Jenkins","Foldable Chair","Jacob Frank","San Antonio, TX",15,"$299.85","2023-01-09 11:29:48","$221.10"
"Tim Jenkins","Desk chair","John Smith","San Antonio, TX",17,"$1,019.83","2023-01-09 11:29:48","$760.58"
"Tim Jenkins","Protein Powder","John Adams","San Antonio, TX",24,"$815.76","2023-01-09 11:29:48","$695.76"
"Tim Jenkins","Oat Bar","Jacob Frank","San Antonio, TX",18,"$17.82","2023-01-09 11:29:48","$16.02"
"Tim Jenkins","Protein Powder","Amy Gomez","San Antonio, TX",14,"$475.86","2023-01-09 11:29:48","$405.86"
"Tim Jenkins","Skirt","Jacob Frank","San Antonio, TX",24,"$359.76","2023-01-09 11:29:48","$209.76"
"Tim Jenkins","Protein Powder","Amy Gomez","San Antonio, TX",4,"$135.96","2023-01-09 11:29:48","$115.96"
"Tim Jenkins","Noodles","Amy Gomez","San Antonio, TX",4,"$7.96","2023-01-09 11:29:48","$7.36"
"Tim Jenkins","Lego Set","Jacob Frank","San Antonio, TX",10,"$259.90","2023-01-09 11:29:48","$209.90"
"Tim Jenkins","Foldable Table","John Adams","San Antonio, TX",5,"$199.95","2023-01-09 11:29:48","$149.95"
"Tim Jenkins","Desk chair","Amy Gomez","San Antonio, TX",12,"$719.88","2023-01-09 11:29:48","$536.88"
"Tim Jenkins","Noodles","Amy Gomez","San Antonio, TX",20,"$39.80","2023-01-09 11:29:48","$36.80"
"Tim Jenkins","Oat Bar","Amy Gomez","San Antonio, TX",21,"$20.79","2023-01-09 11:29:48","$18.69"
"Tim Jenkins","Desk chair","Amy Gomez","San Antonio, TX",16,"$959.84","2023-01-09 11:29:48","$715.84"
"Tim Jenkins","Desk chair","Amy Gomez","San Antonio, TX",7,"$419.93","2023-01-09 11:29:48","$313.18"
"Tim Jenkins","Shorts","John Smith","San Antonio, TX",16,"$239.84","2023-01-09 11:29:48","$159.84"
"Tim Jenkins","Toy Car","Amy Gomez","San Antonio, TX",4,"$9.00","2023-01-09 11:29:48","$8.00"
"Tim Jenkins","Foldable Table","Jacob Frank","San Antonio, TX",7,"$279.93","2023-01-09 11:29:48","$209.93"
"Tim Jenkins","Oat Bar","Amy Gomez","San Antonio, TX",5,"$4.95","2023-01-09 11:29:48","$4.45"
"Tim Jenkins","Skirt","John Adams","San Antonio, TX",24,"$359.76","2023-01-09 11:29:48","$209.76"
"Tim Jenkins","Shorts","John Smith","San Antonio, TX",12,"$179.88","2023-01-09 11:29:48","$119.88"
"Tim Jenkins","Protein Powder","John Smith","San Antonio, TX",5,"$169.95","2023-01-09 11:29:48","$144.95"
"Tim Jenkins","T-shirt","John Adams","San Antonio, TX",20,"$299.80","2023-01-09 11:29:48","$229.80"
"Tim Jenkins","Desk chair","Jacob Frank","San Antonio, TX",2,"$119.98","2023-01-09 11:29:48","$89.48"
"Tim Jenkins","Barbie Doll","Amy Gomez","San Antonio, TX",13,"$129.87","2023-01-09 11:29:48","$103.87"
"Tim Jenkins","Desk chair","Amy Gomez","San Antonio, TX",20,"$1,199.80","2023-01-09 11:29:48","$894.80"
"Tim Jenkins","Lego Set","Amy Gomez","San Antonio, TX",24,"$623.76","2023-01-09 11:29:48","$503.76"
"Tim Jenkins","Barbie Doll","Amy Gomez","San Antonio, TX",6,"$59.94","2023-01-09 11:29:48","$47.94"
"Tim Jenkins","Noodles","Jacob Frank","San Antonio, TX",23,"$45.77","2023-01-09 11:29:48","$42.32"
"Tim Jenkins","Noodles","John Smith","San Antonio, TX",24,"$47.76","2023-01-09 11:29:48","$44.16"
"Tim Jenkins","T-shirt","Jacob Frank","San Antonio, TX",11,"$164.89","2023-01-09 11:29:48","$126.39"
"Tim Jenkins","Noodles","Amy Gomez","San Antonio, TX",11,"$21.89","2023-01-09 11:29:48","$20.24"
"Tim Jenkins","Foldable Table","Jacob Frank","San Antonio, TX",7,"$279.93","2023-01-09 11:29:48","$209.93"
"Tim Jenkins","Skirt","Amy Gomez","San Antonio, TX",23,"$344.77","2023-01-09 11:29:48","$201.02"
"Tim Jenkins","Oat Bar","Jacob Frank","San Antonio, TX",8,"$7.92","2023-01-09 11:29:49","$7.12"
"Tim Jenkins","Oat Bar","John Smith","San Antonio, TX",17,"$16.83","2023-01-09 11:29:49","$15.13"
"Tim Jenkins","Desk chair","John Smith","San Antonio, TX",13,"$779.87","2023-01-09 11:29:49","$581.62"
"Tim Jenkins","Foldable Table","Jacob Frank","San Antonio, TX",14,"$559.86","2023-01-09 11:29:49","$419.86"
"Tim Jenkins","Protein Powder","Amy Gomez","San Antonio, TX",11,"$373.89","2023-01-09 11:29:49","$318.89"
"Tim Jenkins","Protein Powder","John Adams","San Antonio, TX",14,"$475.86","2023-01-09 11:29:49","$405.86"
"Tim Jenkins","Protein Powder","Amy Gomez","San Antonio, TX",10,"$339.90","2023-01-09 11:29:49","$289.90"
"Tim Jenkins","Protein Powder","Jacob Frank","San Antonio, TX",21,"$713.79","2023-01-09 11:29:49","$608.79"
"Tim Jenkins","Oat Bar","John Smith","San Antonio, TX",6,"$5.94","2023-01-09 11:29:49","$5.34"
"Tim Jenkins","Barbie Doll","Amy Gomez","San Antonio, TX",11,"$109.89","2023-01-09 11:29:49","$87.89"
"Tim Jenkins","Oat Bar","Jacob Frank","San Antonio, TX",20,"$19.80","2023-01-09 11:29:49","$17.80"
"Tim Jenkins","Skirt","Jacob Frank","San Antonio, TX",19,"$284.81","2023-01-09 11:29:49","$166.06"
"Tim Jenkins","Desk chair","Amy Gomez","San Antonio, TX",17,"$1,019.83","2023-01-09 11:29:49","$760.58"
"Tim Jenkins","Toy Car","Jacob Frank","San Antonio, TX",4,"$9.00","2023-01-09 11:29:49","$8.00"
"Tim Jenkins","Lego Set","Amy Gomez","San Antonio, TX",19,"$493.81","2023-01-09 11:29:49","$398.81"
"Tim Jenkins","Foldable Chair","John Smith","San Antonio, TX",9,"$179.91","2023-01-09 11:29:49","$132.66"
"Tim Jenkins","Barbie Doll","Amy Gomez","San Antonio, TX",16,"$159.84","2023-01-09 11:29:49","$127.84"
"Tim Jenkins","Lego Set","Jacob Frank","San Antonio, TX",22,"$571.78","2023-01-09 11:29:49","$461.78"
"Tim Jenkins","Desk chair","Jacob Frank","San Antonio, TX",17,"$1,019.83","2023-01-09 11:29:49","$760.58"
"Tim Jenkins","Foldable Table","Amy Gomez","San Antonio, TX",14,"$559.86","2023-01-09 11:29:49","$419.86"
"Tim Jenkins","Skirt","Jacob Frank","San Antonio, TX",13,"$194.87","2023-01-09 11:29:49","$113.62"
"Tim Jenkins","Desk chair","Amy Gomez","San Antonio, TX",22,"$1,319.78","2023-01-09 11:29:49","$984.28"
"Tim Jenkins","Barbie Doll","Amy Gomez","San Antonio, TX",18,"$179.82","2023-01-09 11:29:49","$143.82"
"Tim Jenkins","Barbie Doll","Jacob Frank","San Antonio, TX",7,"$69.93","2023-01-09 11:29:49","$55.93"
"Tim Jenkins","Lego Set","Amy Gomez","San Antonio, TX",6,"$155.94","2023-01-09 11:29:49","$125.94"
"Tim Jenkins","Desk chair","Amy Gomez","San Antonio, TX",22,"$1,319.78","2023-01-09 11:29:49","$984.28"
"Tim Jenkins","Foldable Table","John Smith","San Antonio, TX",4,"$159.96","2023-01-09 11:29:49","$119.96"
"Tim Jenkins","Foldable Table","Amy Gomez","San Antonio, TX",8,"$319.92","2023-01-09 11:29:49","$239.92"
"Tim Jenkins","Protein Powder","Amy Gomez","San Antonio, TX",24,"$815.76","2023-01-09 11:29:49","$695.76"
"Tim Jenkins","Lego Set","John Smith","San Antonio, TX",25,"$649.75","2023-01-09 11:29:49","$524.75"
"Tim Jenkins","Noodles","Amy Gomez","San Antonio, TX",6,"$11.94","2023-01-09 11:29:49","$11.04"
"Tim Jenkins","Foldable Chair","Jacob Frank","San Antonio, TX",19,"$379.81","2023-01-09 11:29:49","$280.06"
"Tim Jenkins","Toy Car","Jacob Frank","San Antonio, TX",25,"$56.25","2023-01-09 11:29:49","$50.00"
"Tim Jenkins","Shorts","John Smith","San Antonio, TX",25,"$374.75","2023-01-09 11:29:49","$249.75"
"Tim Jenkins","Lego Set","Amy Gomez","San Antonio, TX",21,"$545.79","2023-01-09 11:29:49","$440.79"
"Tim Jenkins","Shorts","Jacob Frank","San Antonio, TX",3,"$44.97","2023-01-09 11:29:49","$29.97"
"Tim Jenkins","Desk chair","Jacob Frank","San Antonio, TX",3,"$179.97","2023-01-09 11:29:49","$134.22"
"Tim Jenkins","Desk chair","John Smith","San Antonio, TX",12,"$719.88","2023-01-09 11:29:49","$536.88"
"Tim Jenkins","Barbie Doll","Jacob Frank","San Antonio, TX",8,"$79.92","2023-01-09 11:29:49","$63.92"
"Tim Jenkins","Noodles","Amy Gomez","San Antonio, TX",12,"$23.88","2023-01-09 11:29:49","$22.08"
"Tim Jenkins","Hats","John Smith","San Antonio, TX",10,"$99.90","2023-01-09 11:29:49","$79.90"
"Tim Jenkins","Barbie Doll","John Smith","San Antonio, TX",22,"$219.78","2023-01-09 11:29:49","$175.78"
"Tim Jenkins","Desk chair","Amy Gomez","San Antonio, TX",17,"$1,019.83","2023-01-09 11:29:49","$760.58"
"Tim Jenkins","Oat Bar","Jacob Frank","San Antonio, TX",12,"$11.88","2023-01-09 11:29:49","$10.68"
"Tim Jenkins","Desk chair","Jacob Frank","San Antonio, TX",15,"$899.85","2023-01-09 11:29:49","$671.10"
"Tim Jenkins","Desk chair","Amy Gomez","San Antonio, TX",21,"$1,259.79","2023-01-09 11:29:49","$939.54"
"Tim Jenkins","Lego Set","Amy Gomez","San Antonio, TX",10,"$259.90","2023-01-09 11:29:49","$209.90"
"Tim Jenkins","Protein Powder","Jacob Frank","San Antonio, TX",6,"$203.94","2023-01-10 10:41:21","$173.94"
"Tim Jenkins","Lego Set","John Smith","San Antonio, TX",13,"$337.87","2023-01-10 10:41:21","$272.87"
"Tim Jenkins","T-shirt","John Adams","San Antonio, TX",7,"$104.93","2023-01-10 10:41:21","$80.43"
"Tim Jenkins","Foldable Table","Jacob Frank","San Antonio, TX",23,"$919.77","2023-01-10 10:41:21","$689.77"
"Tim Jenkins","Shorts","Jacob Frank","San Antonio, TX",3,"$44.97","2023-01-10 10:41:51","$29.97"
"Tim Jenkins","Barbie Doll","Amy Gomez","San Antonio, TX",18,"$179.82","2023-01-10 10:41:51","$143.82"
"Tim Jenkins","Noodles","John Smith","San Antonio, TX",4,"$7.96","2023-01-10 10:41:51","$7.36"
"Tim Jenkins","T-shirt","Amy Gomez","San Antonio, TX",24,"$359.76","2023-01-10 10:41:51","$275.76"
"Tim Jenkins","Barbie Doll","John Smith","San Antonio, TX",8,"$79.92","2023-01-10 10:41:58","$63.92"
"Tim Jenkins","Barbie Doll","Jacob Frank","San Antonio, TX",2,"$19.98","2023-01-10 10:41:58","$15.98"
"Tim Jenkins","Lego Set","Jacob Frank","San Antonio, TX",1,"$25.99","2023-01-10 10:41:58","$20.99"
"Tim Jenkins","Toy Car","Amy Gomez","San Antonio, TX",21,"$47.25","2023-01-10 10:41:58","$42.00"
"Tim Jenkins","Skirt","John Smith","San Antonio, TX",7,"$104.93","2023-01-10 10:42:01","$61.18"
"Hadly Hall","Hats","Jacob Frank","San Antonio, TX",24,"$239.76","2023-01-09 11:26:28","$191.76"
"Hadly Hall","Lego Set","Amy Gomez","San Antonio, TX",25,"$649.75","2023-01-09 11:26:28","$524.75"
"Hadly Hall","Protein Powder","John Smith","San Antonio, TX",4,"$135.96","2023-01-09 11:26:28","$115.96"
"Hadly Hall","Noodles","Amy Gomez","San Antonio, TX",1,"$1.99","2023-01-09 11:26:28","$1.84"
"Hadly Hall","Desk chair","Jacob Frank","San Antonio, TX",12,"$719.88","2023-01-09 11:26:28","$536.88"
"Hadly Hall","Shorts","John Adams","San Antonio, TX",13,"$194.87","2023-01-09 11:26:28","$129.87"
"Hadly Hall","Skirt","Amy Gomez","San Antonio, TX",11,"$164.89","2023-01-09 11:26:28","$96.14"
"Hadly Hall","Noodles","Amy Gomez","San Antonio, TX",15,"$29.85","2023-01-09 11:28:19","$27.60"
"Hadly Hall","Lego Set","Amy Gomez","San Antonio, TX",1,"$25.99","2023-01-09 11:28:19","$20.99"
"Hadly Hall","Lego Set","John Adams","San Antonio, TX",10,"$259.90","2023-01-09 11:28:19","$209.90"
"Hadly Hall","Barbie Doll","John Adams","San Antonio, TX",25,"$249.75","2023-01-09 11:28:19","$199.75"
"Hadly Hall","Shorts","John Smith","San Antonio, TX",7,"$104.93","2023-01-09 11:28:19","$69.93"
"Hadly Hall","Hats","John Adams","San Antonio, TX",15,"$149.85","2023-01-09 11:28:19","$119.85"
"Hadly Hall","Toy Car","Jacob Frank","San Antonio, TX",19,"$42.75","2023-01-09 11:28:19","$38.00"
"Hadly Hall","Skirt","Jacob Frank","San Antonio, TX",8,"$119.92","2023-01-09 11:28:19","$69.92"
"Hadly Hall","Shorts","John Adams","San Antonio, TX",7,"$104.93","2023-01-09 11:28:19","$69.93"
"Hadly Hall","Hats","Jacob Frank","San Antonio, TX",3,"$29.97","2023-01-09 11:28:19","$23.97"
"Hadly Hall","Foldable Table","Amy Gomez","San Antonio, TX",12,"$479.88","2023-01-09 11:29:48","$359.88"
"Hadly Hall","Protein Powder","Amy Gomez","San Antonio, TX",23,"$781.77","2023-01-09 11:29:48","$666.77"
"Hadly Hall","Hats","John Smith","San Antonio, TX",15,"$149.85","2023-01-09 11:29:48","$119.85"
"Hadly Hall","Foldable Chair","Amy Gomez","San Antonio, TX",15,"$299.85","2023-01-09 11:29:48","$221.10"
"Hadly Hall","Skirt","Jacob Frank","San Antonio, TX",17,"$254.83","2023-01-09 11:29:48","$148.58"
"Hadly Hall","Desk chair","Amy Gomez","San Antonio, TX",2,"$119.98","2023-01-09 11:29:48","$89.48"
"Hadly Hall","Barbie Doll","Jacob Frank","San Antonio, TX",19,"$189.81","2023-01-09 11:29:48","$151.81"
"Hadly Hall","Barbie Doll","Amy Gomez","San Antonio, TX",17,"$169.83","2023-01-09 11:29:48","$135.83"
"Hadly Hall","Desk chair","Amy Gomez","San Antonio, TX",3,"$179.97","2023-01-09 11:29:48","$134.22"
"Hadly Hall","Noodles","John Smith","San Antonio, TX",7,"$13.93","2023-01-09 11:29:48","$12.88"
"Hadly Hall","Hats","John Adams","San Antonio, TX",5,"$49.95","2023-01-09 11:29:48","$39.95"
"Hadly Hall","Skirt","Amy Gomez","San Antonio, TX",23,"$344.77","2023-01-09 11:29:48","$201.02"
"Hadly Hall","Oat Bar","Amy Gomez","San Antonio, TX",23,"$22.77","2023-01-09 11:29:48","$20.47"
"Hadly Hall","Hats","John Smith","San Antonio, TX",10,"$99.90","2023-01-09 11:29:48","$79.90"
"Hadly Hall","Barbie Doll","Amy Gomez","San Antonio, TX",21,"$209.79","2023-01-09 11:29:48","$167.79"
"Hadly Hall","Desk chair","John Adams","San Antonio, TX",15,"$899.85","2023-01-09 11:29:48","$671.10"
"Hadly Hall","Lego Set","John Adams","San Antonio, TX",24,"$623.76","2023-01-09 11:29:48","$503.76"
"Hadly Hall","Noodles","Amy Gomez","San Antonio, TX",20,"$39.80","2023-01-09 11:29:48","$36.80"
"Hadly Hall","Noodles","Amy Gomez","San Antonio, TX",10,"$19.90","2023-01-09 11:29:48","$18.40"
"Hadly Hall","Lego Set","Jacob Frank","San Antonio, TX",6,"$155.94","2023-01-09 11:29:48","$125.94"
"Hadly Hall","Barbie Doll","John Smith","San Antonio, TX",17,"$169.83","2023-01-09 11:29:48","$135.83"
"Hadly Hall","Protein Powder","Amy Gomez","San Antonio, TX",9,"$305.91","2023-01-09 11:29:48","$260.91"
"Hadly Hall","Foldable Chair","Amy Gomez","San Antonio, TX",5,"$99.95","2023-01-09 11:29:48","$73.70"
"Hadly Hall","T-shirt","Jacob Frank","San Antonio, TX",16,"$239.84","2023-01-09 11:29:48","$183.84"
"Hadly Hall","Barbie Doll","John Adams","San Antonio, TX",18,"$179.82","2023-01-09 11:29:48","$143.82"
"Hadly Hall","Barbie Doll","John Smith","San Antonio, TX",22,"$219.78","2023-01-09 11:29:48","$175.78"
"Hadly Hall","Desk chair","Amy Gomez","San Antonio, TX",8,"$479.92","2023-01-09 11:29:48","$357.92"
"Hadly Hall","Foldable Table","Jacob Frank","San Antonio, TX",8,"$319.92","2023-01-09 11:29:48","$239.92"
"Hadly Hall","Noodles","John Smith","San Antonio, TX",10,"$19.90","2023-01-09 11:29:48","$18.40"
"Hadly Hall","T-shirt","Jacob Frank","San Antonio, TX",3,"$44.97","2023-01-09 11:29:48","$34.47"
"Hadly Hall","Desk chair","John Adams","San Antonio, TX",22,"$1,319.78","2023-01-09 11:29:48","$984.28"
"Hadly Hall","Lego Set","Amy Gomez","San Antonio, TX",5,"$129.95","2023-01-09 11:29:48","$104.95"
"Hadly Hall","Noodles","Amy Gomez","San Antonio, TX",14,"$27.86","2023-01-09 11:29:48","$25.76"
"Hadly Hall","Foldable Chair","John Smith","San Antonio, TX",18,"$359.82","2023-01-09 11:29:48","$265.32"
"Hadly Hall","Barbie Doll","John Smith","San Antonio, TX",13,"$129.87","2023-01-09 11:29:48","$103.87"
"Hadly Hall","Desk chair","John Adams","San Antonio, TX",7,"$419.93","2023-01-09 11:29:48","$313.18"
"Hadly Hall","Oat Bar","John Smith","San Antonio, TX",23,"$22.77","2023-01-09 11:29:48","$20.47"
"Hadly Hall","T-shirt","Jacob Frank","San Antonio, TX",2,"$29.98","2023-01-09 11:29:48","$22.98"
"Hadly Hall","Shorts","Amy Gomez","San Antonio, TX",19,"$284.81","2023-01-09 11:29:48","$189.81"
"Hadly Hall","Protein Powder","Amy Gomez","San Antonio, TX",7,"$237.93","2023-01-09 11:29:48","$202.93"
"Hadly Hall","Hats","John Adams","San Antonio, TX",24,"$239.76","2023-01-09 11:29:48","$191.76"
"Hadly Hall","Foldable Chair","John Adams","San Antonio, TX",23,"$459.77","2023-01-09 11:29:48","$339.02"
"Hadly Hall","Protein Powder","John Adams","San Antonio, TX",4,"$135.96","2023-01-09 11:29:48","$115.96"
"Hadly Hall","Protein Powder","John Smith","San Antonio, TX",10,"$339.90","2023-01-09 11:29:48","$289.90"
"Hadly Hall","Barbie Doll","Jacob Frank","San Antonio, TX",22,"$219.78","2023-01-09 11:29:48","$175.78"
"Hadly Hall","Foldable Table","Jacob Frank","San Antonio, TX",22,"$879.78","2023-01-09 11:29:48","$659.78"
"Hadly Hall","Hats","Jacob Frank","San Antonio, TX",9,"$89.91","2023-01-09 11:29:48","$71.91"
"Hadly Hall","T-shirt","Jacob Frank","San Antonio, TX",11,"$164.89","2023-01-09 11:29:48","$126.39"
"Hadly Hall","T-shirt","John Adams","San Antonio, TX",6,"$89.94","2023-01-09 11:29:48","$68.94"
"Hadly Hall","Noodles","John Smith","San Antonio, TX",22,"$43.78","2023-01-09 11:29:48","$40.48"
"Hadly Hall","Barbie Doll","Amy Gomez","San Antonio, TX",20,"$199.80","2023-01-09 11:29:48","$159.80"
"Hadly Hall","Hats","John Smith","San Antonio, TX",10,"$99.90","2023-01-09 11:29:48","$79.90"
"Hadly Hall","T-shirt","John Smith","San Antonio, TX",20,"$299.80","2023-01-09 11:29:48","$229.80"
"Hadly Hall","Skirt","John Smith","San Antonio, TX",22,"$329.78","2023-01-09 11:29:48","$192.28"
"Hadly Hall","Barbie Doll","Jacob Frank","San Antonio, TX",3,"$29.97","2023-01-09 11:29:48","$23.97"
"Hadly Hall","Lego Set","Jacob Frank","San Antonio, TX",18,"$467.82","2023-01-09 11:29:48","$377.82"
"Hadly Hall","T-shirt","Amy Gomez","San Antonio, TX",13,"$194.87","2023-01-09 11:29:49","$149.37"
"Hadly Hall","Oat Bar","Amy Gomez","San Antonio, TX",12,"$11.88","2023-01-09 11:29:49","$10.68"
"Hadly Hall","Foldable Table","Amy Gomez","San Antonio, TX",7,"$279.93","2023-01-09 11:29:49","$209.93"
"Hadly Hall","Desk chair","John Adams","San Antonio, TX",23,"$1,379.77","2023-01-09 11:29:49","$1,029.02"
"Hadly Hall","Shorts","John Adams","San Antonio, TX",4,"$59.96","2023-01-09 11:29:49","$39.96"
"Hadly Hall","Foldable Chair","John Smith","San Antonio, TX",15,"$299.85","2023-01-09 11:29:49","$221.10"
"Hadly Hall","Skirt","Jacob Frank","San Antonio, TX",9,"$134.91","2023-01-09 11:29:49","$78.66"
"Hadly Hall","Shorts","Amy Gomez","San Antonio, TX",21,"$314.79","2023-01-09 11:29:49","$209.79"
"Hadly Hall","Lego Set","John Smith","San Antonio, TX",1,"$25.99","2023-01-09 11:29:49","$20.99"
"Hadly Hall","Skirt","Amy Gomez","San Antonio, TX",18,"$269.82","2023-01-09 11:29:49","$157.32"
"Hadly Hall","Skirt","Jacob Frank","San Antonio, TX",17,"$254.83","2023-01-09 11:29:49","$148.58"
"Hadly Hall","Foldable Chair","Amy Gomez","San Antonio, TX",13,"$259.87","2023-01-09 11:29:49","$191.62"
"Hadly Hall","Shorts","Amy Gomez","San Antonio, TX",17,"$254.83","2023-01-09 11:29:49","$169.83"
"Hadly Hall","Oat Bar","John Smith","San Antonio, TX",3,"$2.97","2023-01-09 11:29:49","$2.67"
"Hadly Hall","Noodles","John Smith","San Antonio, TX",12,"$23.88","2023-01-09 11:29:49","$22.08"
"Hadly Hall","Shorts","Amy Gomez","San Antonio, TX",22,"$329.78","2023-01-09 11:29:49","$219.78"
"Hadly Hall","Toy Car","Amy Gomez","San Antonio, TX",23,"$51.75","2023-01-09 11:29:49","$46.00"
"Hadly Hall","Noodles","Jacob Frank","San Antonio, TX",6,"$11.94","2023-01-09 11:29:49","$11.04"
"Hadly Hall","Shorts","Jacob Frank","San Antonio, TX",20,"$299.80","2023-01-09 11:29:49","$199.80"
"Hadly Hall","Oat Bar","Jacob Frank","San Antonio, TX",19,"$18.81","2023-01-09 11:29:49","$16.91"
"Hadly Hall","Shorts","Amy Gomez","San Antonio, TX",5,"$74.95","2023-01-09 11:29:49","$49.95"
"Hadly Hall","Noodles","John Adams","San Antonio, TX",20,"$39.80","2023-01-09 11:29:49","$36.80"
"Hadly Hall","Foldable Table","John Adams","San Antonio, TX",13,"$519.87","2023-01-09 11:29:49","$389.87"
"Hadly Hall","Desk chair","Amy Gomez","San Antonio, TX",11,"$659.89","2023-01-09 11:29:49","$492.14"
"Hadly Hall","Protein Powder","Jacob Frank","San Antonio, TX",3,"$101.97","2023-01-09 11:29:49","$86.97"
"Hadly Hall","Toy Car","John Smith","San Antonio, TX",20,"$45.00","2023-01-09 11:29:49","$40.00"
"Hadly Hall","T-shirt","John Smith","San Antonio, TX",12,"$179.88","2023-01-09 11:29:49","$137.88"
"Hadly Hall","Protein Powder","Jacob Frank","San Antonio, TX",19,"$645.81","2023-01-09 11:29:49","$550.81"
"Hadly Hall","Skirt","Amy Gomez","San Antonio, TX",4,"$59.96","2023-01-09 11:29:49","$34.96"
"Hadly Hall","Foldable Table","Amy Gomez","San Antonio, TX",22,"$879.78","2023-01-09 11:29:49","$659.78"
"Hadly Hall","Foldable Chair","Amy Gomez","San Antonio, TX",24,"$479.76","2023-01-09 11:29:49","$353.76"
"Hadly Hall","Oat Bar","Jacob Frank","San Antonio, TX",22,"$21.78","2023-01-09 11:29:49","$19.58"
"Hadly Hall","Shorts","Jacob Frank","San Antonio, TX",7,"$104.93","2023-01-09 11:29:49","$69.93"
"Hadly Hall","Barbie Doll","Amy Gomez","San Antonio, TX",4,"$39.96","2023-01-09 11:29:49","$31.96"
"Hadly Hall","Foldable Table","John Adams","San Antonio, TX",14,"$559.86","2023-01-09 11:29:49","$419.86"
"Hadly Hall","T-shirt","Jacob Frank","San Antonio, TX",10,"$149.90","2023-01-09 11:29:49","$114.90"
"Hadly Hall","Protein Powder","Jacob Frank","San Antonio, TX",24,"$815.76","2023-01-09 11:29:49","$695.76"
"Hadly Hall","Foldable Chair","John Adams","San Antonio, TX",18,"$359.82","2023-01-09 11:29:49","$265.32"
"Hadly Hall","T-shirt","John Smith","San Antonio, TX",20,"$299.80","2023-01-09 11:29:49","$229.80"
"Hadly Hall","Foldable Chair","John Adams","San Antonio, TX",24,"$479.76","2023-01-09 11:29:49","$353.76"
"Hadly Hall","Shorts","Amy Gomez","San Antonio, TX",7,"$104.93","2023-01-09 11:29:49","$69.93"
"Hadly Hall","Noodles","Amy Gomez","San Antonio, TX",22,"$43.78","2023-01-09 11:29:49","$40.48"
"Hadly Hall","Barbie Doll","Jacob Frank","San Antonio, TX",17,"$169.83","2023-01-09 11:29:49","$135.83"
"Hadly Hall","Noodles","Amy Gomez","San Antonio, TX",6,"$11.94","2023-01-09 11:29:49","$11.04"
"Hadly Hall","Protein Powder","John Smith","San Antonio, TX",5,"$169.95","2023-01-10 10:41:21","$144.95"
"Hadly Hall","Foldable Chair","Jacob Frank","San Antonio, TX",24,"$479.76","2023-01-10 10:41:21","$353.76"
"Hadly Hall","Skirt","Amy Gomez","San Antonio, TX",22,"$329.78","2023-01-10 10:41:21","$192.28"
"Hadly Hall","Noodles","Jacob Frank","San Antonio, TX",10,"$19.90","2023-01-10 10:41:21","$18.40"
"Hadly Hall","Lego Set","Amy Gomez","San Antonio, TX",16,"$415.84","2023-01-10 10:41:21","$335.84"
"Hadly Hall","Noodles","Amy Gomez","San Antonio, TX",12,"$23.88","2023-01-10 10:41:58","$22.08"
"Hadly Hall","Lego Set","Jacob Frank","San Antonio, TX",15,"$389.85","2023-01-10 10:41:58","$314.85"
"Hadly Hall","Noodles","Amy Gomez","San Antonio, TX",20,"$39.80","2023-01-10 10:42:00","$36.80"
"Hadly Hall","Foldable Chair","John Adams","San Antonio, TX",19,"$379.81","2023-01-10 10:42:01","$280.06"
"Hadly Hall","Oat Bar","Jacob Frank","San Antonio, TX",10,"$9.90","2023-01-10 10:42:01","$8.90"
"Hadly Hall","Oat Bar","John Smith","San Antonio, TX",18,"$17.82","2023-01-10 10:42:01","$16.02"
"Hadly Hall","Oat Bar","John Adams","San Antonio, TX",9,"$8.91","2023-01-10 10:42:01","$8.01"
"Hadly Hall","Shorts","John Smith","San Antonio, TX",3,"$44.97","2023-01-10 10:42:01","$29.97"
"Guy Goodwin","Oat Bar","Jacob Frank","San Antonio, TX",12,"$11.88","2023-01-09 11:26:28","$10.68"
"Guy Goodwin","Shorts","Amy Gomez","San Antonio, TX",21,"$314.79","2023-01-09 11:28:19","$209.79"
"Guy Goodwin","Lego Set","Jacob Frank","San Antonio, TX",24,"$623.76","2023-01-09 11:28:19","$503.76"
"Guy Goodwin","Barbie Doll","Amy Gomez","San Antonio, TX",2,"$19.98","2023-01-09 11:28:19","$15.98"
"Guy Goodwin","Oat Bar","Jacob Frank","San Antonio, TX",12,"$11.88","2023-01-09 11:28:19","$10.68"
"Guy Goodwin","Foldable Chair","Amy Gomez","San Antonio, TX",4,"$79.96","2023-01-09 11:28:19","$58.96"
"Guy Goodwin","Skirt","Jacob Frank","San Antonio, TX",18,"$269.82","2023-01-09 11:29:48","$157.32"
"Guy Goodwin","Foldable Table","John Smith","San Antonio, TX",14,"$559.86","2023-01-09 11:29:48","$419.86"
"Guy Goodwin","Foldable Chair","Jacob Frank","San Antonio, TX",15,"$299.85","2023-01-09 11:29:48","$221.10"
"Guy Goodwin","Desk chair","John Smith","San Antonio, TX",13,"$779.87","2023-01-09 11:29:48","$581.62"
"Guy Goodwin","Skirt","Amy Gomez","San Antonio, TX",22,"$329.78","2023-01-09 11:29:48","$192.28"
"Guy Goodwin","Noodles","Jacob Frank","San Antonio, TX",20,"$39.80","2023-01-09 11:29:48","$36.80"
"Guy Goodwin","Lego Set","John Smith","San Antonio, TX",3,"$77.97","2023-01-09 11:29:48","$62.97"
"Guy Goodwin","Barbie Doll","Jacob Frank","San Antonio, TX",21,"$209.79","2023-01-09 11:29:48","$167.79"
"Guy Goodwin","Foldable Chair","John Adams","San Antonio, TX",18,"$359.82","2023-01-09 11:29:48","$265.32"
"Guy Goodwin","Barbie Doll","John Adams","San Antonio, TX",24,"$239.76","2023-01-09 11:29:48","$191.76"
"Guy Goodwin","Protein Powder","Jacob Frank","San Antonio, TX",19,"$645.81","2023-01-09 11:29:48","$550.81"
"Guy Goodwin","T-shirt","Amy Gomez","San Antonio, TX",16,"$239.84","2023-01-09 11:29:48","$183.84"
"Guy Goodwin","Noodles","Amy Gomez","San Antonio, TX",21,"$41.79","2023-01-09 11:29:48","$38.64"
"Guy Goodwin","Desk chair","Jacob Frank","San Antonio, TX",19,"$1,139.81","2023-01-09 11:29:48","$850.06"
"Guy Goodwin","Noodles","Amy Gomez","San Antonio, TX",7,"$13.93","2023-01-09 11:29:48","$12.88"
"Guy Goodwin","Lego Set","Amy Gomez","San Antonio, TX",20,"$519.80","2023-01-09 11:29:48","$419.80"
"Guy Goodwin","Foldable Table","John Smith","San Antonio, TX",12,"$479.88","2023-01-09 11:29:48","$359.88"
"Guy Goodwin","T-shirt","Jacob Frank","San Antonio, TX",12,"$179.88","2023-01-09 11:29:48","$137.88"
"Guy Goodwin","T-shirt","John Adams","San Antonio, TX",25,"$374.75","2023-01-09 11:29:48","$287.25"
"Guy Goodwin","Protein Powder","John Smith","San Antonio, TX",5,"$169.95","2023-01-09 11:29:48","$144.95"
"Guy Goodwin","Lego Set","Amy Gomez","San Antonio, TX",24,"$623.76","2023-01-09 11:29:48","$503.76"
"Guy Goodwin","Oat Bar","John Adams","San Antonio, TX",6,"$5.94","2023-01-09 11:29:48","$5.34"
"Guy Goodwin","Barbie Doll","John Adams","San Antonio, TX",22,"$219.78","2023-01-09 11:29:49","$175.78"
"Guy Goodwin","Barbie Doll","John Adams","San Antonio, TX",2,"$19.98","2023-01-09 11:29:49","$15.98"
"Guy Goodwin","Lego Set","Amy Gomez","San Antonio, TX",23,"$597.77","2023-01-09 11:29:49","$482.77"
"Guy Goodwin","Protein Powder","John Smith","San Antonio, TX",4,"$135.96","2023-01-09 11:29:49","$115.96"
"Guy Goodwin","Shorts","Amy Gomez","San Antonio, TX",20,"$299.80","2023-01-09 11:29:49","$199.80"
"Guy Goodwin","Oat Bar","Jacob Frank","San Antonio, TX",12,"$11.88","2023-01-09 11:29:49","$10.68"
"Guy Goodwin","Lego Set","Jacob Frank","San Antonio, TX",6,"$155.94","2023-01-09 11:29:49","$125.94"
"Guy Goodwin","Oat Bar","Amy Gomez","San Antonio, TX",9,"$8.91","2023-01-09 11:29:49","$8.01"
"Guy Goodwin","Hats","John Smith","San Antonio, TX",16,"$159.84","2023-01-09 11:29:49","$127.84"
"Guy Goodwin","Barbie Doll","John Smith","San Antonio, TX",13,"$129.87","2023-01-09 11:29:49","$103.87"
"Guy Goodwin","Barbie Doll","John Adams","San Antonio, TX",6,"$59.94","2023-01-09 11:29:49","$47.94"
"Guy Goodwin","Shorts","Amy Gomez","San Antonio, TX",2,"$29.98","2023-01-09 11:29:49","$19.98"
"Guy Goodwin","Oat Bar","John Adams","San Antonio, TX",3,"$2.97","2023-01-09 11:29:49","$2.67"
"Guy Goodwin","Toy Car","John Smith","San Antonio, TX",14,"$31.50","2023-01-09 11:29:49","$28.00"
"Guy Goodwin","Shorts","Jacob Frank","San Antonio, TX",7,"$104.93","2023-01-09 11:29:49","$69.93"
"Guy Goodwin","Desk chair","Amy Gomez","San Antonio, TX",10,"$599.90","2023-01-09 11:29:49","$447.40"
"Guy Goodwin","Foldable Chair","Amy Gomez","San Antonio, TX",24,"$479.76","2023-01-09 11:29:49","$353.76"
"Guy Goodwin","Lego Set","Amy Gomez","San Antonio, TX",21,"$545.79","2023-01-09 11:29:49","$440.79"
"Guy Goodwin","Foldable Table","John Adams","San Antonio, TX",7,"$279.93","2023-01-09 11:29:49","$209.93"
"Guy Goodwin","Barbie Doll","John Smith","San Antonio, TX",3,"$29.97","2023-01-09 11:29:49","$23.97"
"Guy Goodwin","Skirt","Amy Gomez","San Antonio, TX",13,"$194.87","2023-01-10 10:41:21","$113.62"
"Guy Goodwin","Toy Car","John Smith","San Antonio, TX",24,"$54.00","2023-01-10 10:41:58","$48.00"
"Guy Goodwin","Protein Powder","Amy Gomez","San Antonio, TX",9,"$305.91","2023-01-10 10:42:01","$260.91"
"Guy Goodwin","Protein Powder","Amy Gomez","San Antonio, TX",18,"$611.82","2023-01-10 10:42:01","$521.82"
"Paul Stevens","Skirt","Edward Eaton","Austin, TX",24,"$359.76","2023-01-09 11:26:28","$209.76"
"Paul Stevens","Foldable Chair","Edward Eaton","Austin, TX",20,"$399.80","2023-01-09 11:28:19","$294.80"
"Paul Stevens","Foldable Chair","Larry Lobster","Austin, TX",16,"$319.84","2023-01-09 11:28:19","$235.84"
"Paul Stevens","Protein Powder","Larry Lobster","Austin, TX",16,"$543.84","2023-01-09 11:29:48","$463.84"
"Paul Stevens","Desk chair","Larry Lobster","Austin, TX",10,"$599.90","2023-01-09 11:29:48","$447.40"
"Paul Stevens","Desk chair","Edward Eaton","Austin, TX",20,"$1,199.80","2023-01-09 11:29:48","$894.80"
"Paul Stevens","Barbie Doll","Larry Lobster","Austin, TX",19,"$189.81","2023-01-09 11:29:48","$151.81"
"Paul Stevens","Desk chair","Edward Eaton","Austin, TX",10,"$599.90","2023-01-09 11:29:48","$447.40"
"Paul Stevens","Desk chair","Edward Eaton","Austin, TX",24,"$1,439.76","2023-01-09 11:29:48","$1,073.76"
"Paul Stevens","Foldable Chair","Edward Eaton","Austin, TX",7,"$139.93","2023-01-09 11:29:48","$103.18"
"Paul Stevens","Lego Set","Larry Lobster","Austin, TX",24,"$623.76","2023-01-09 11:29:48","$503.76"
"Paul Stevens","Foldable Table","Edward Eaton","Austin, TX",21,"$839.79","2023-01-09 11:29:48","$629.79"
"Paul Stevens","Toy Car","Edward Eaton","Austin, TX",21,"$47.25","2023-01-09 11:29:48","$42.00"
"Paul Stevens","Oat Bar","Edward Eaton","Austin, TX",11,"$10.89","2023-01-09 11:29:48","$9.79"
"Paul Stevens","Desk chair","Edward Eaton","Austin, TX",24,"$1,439.76","2023-01-09 11:29:48","$1,073.76"
"Paul Stevens","Foldable Chair","Larry Lobster","Austin, TX",7,"$139.93","2023-01-09 11:29:48","$103.18"
"Paul Stevens","Desk chair","Larry Lobster","Austin, TX",16,"$959.84","2023-01-09 11:29:48","$715.84"
"Paul Stevens","Foldable Chair","Edward Eaton","Austin, TX",8,"$159.92","2023-01-09 11:29:48","$117.92"
"Paul Stevens","Shorts","Larry Lobster","Austin, TX",11,"$164.89","2023-01-09 11:29:48","$109.89"
"Paul Stevens","T-shirt","Larry Lobster","Austin, TX",4,"$59.96","2023-01-09 11:29:48","$45.96"
"Paul Stevens","Lego Set","Edward Eaton","Austin, TX",22,"$571.78","2023-01-09 11:29:48","$461.78"
"Paul Stevens","T-shirt","Edward Eaton","Austin, TX",18,"$269.82","2023-01-09 11:29:48","$206.82"
"Paul Stevens","Barbie Doll","Edward Eaton","Austin, TX",23,"$229.77","2023-01-09 11:29:48","$183.77"
"Paul Stevens","Shorts","Larry Lobster","Austin, TX",14,"$209.86","2023-01-09 11:29:48","$139.86"
"Paul Stevens","Foldable Chair","Edward Eaton","Austin, TX",17,"$339.83","2023-01-09 11:29:48","$250.58"
"Paul Stevens","Shorts","Edward Eaton","Austin, TX",25,"$374.75","2023-01-09 11:29:49","$249.75"
"Paul Stevens","Oat Bar","Larry Lobster","Austin, TX",10,"$9.90","2023-01-09 11:29:49","$8.90"
"Paul Stevens","Foldable Chair","Larry Lobster","Austin, TX",17,"$339.83","2023-01-09 11:29:49","$250.58"
"Paul Stevens","Toy Car","Larry Lobster","Austin, TX",6,"$13.50","2023-01-09 11:29:49","$12.00"
"Paul Stevens","Barbie Doll","Larry Lobster","Austin, TX",19,"$189.81","2023-01-09 11:29:49","$151.81"
"Paul Stevens","T-shirt","Edward Eaton","Austin, TX",8,"$119.92","2023-01-09 11:29:49","$91.92"
"Paul Stevens","Skirt","Edward Eaton","Austin, TX",20,"$299.80","2023-01-09 11:29:49","$174.80"
"Paul Stevens","Protein Powder","Larry Lobster","Austin, TX",17,"$577.83","2023-01-09 11:29:49","$492.83"
"Paul Stevens","Foldable Table","Larry Lobster","Austin, TX",16,"$639.84","2023-01-09 11:29:49","$479.84"
"Paul Stevens","Toy Car","Larry Lobster","Austin, TX",11,"$24.75","2023-01-09 11:29:49","$22.00"
"Paul Stevens","Barbie Doll","Edward Eaton","Austin, TX",8,"$79.92","2023-01-09 11:29:49","$63.92"
"Paul Stevens","Shorts","Larry Lobster","Austin, TX",9,"$134.91","2023-01-09 11:29:49","$89.91"
"Paul Stevens","T-shirt","Edward Eaton","Austin, TX",7,"$104.93","2023-01-09 11:29:49","$80.43"
"Paul Stevens","Skirt","Larry Lobster","Austin, TX",14,"$209.86","2023-01-09 11:29:49","$122.36"
"Paul Stevens","Oat Bar","Larry Lobster","Austin, TX",20,"$19.80","2023-01-09 11:29:49","$17.80"
"Paul Stevens","Protein Powder","Larry Lobster","Austin, TX",16,"$543.84","2023-01-09 11:29:49","$463.84"
"Paul Stevens","Desk chair","Larry Lobster","Austin, TX",14,"$839.86","2023-01-09 11:29:49","$626.36"
"Paul Stevens","Foldable Table","Larry Lobster","Austin, TX",10,"$399.90","2023-01-09 11:29:49","$299.90"
"Paul Stevens","Oat Bar","Edward Eaton","Austin, TX",24,"$23.76","2023-01-09 11:29:49","$21.36"
"Paul Stevens","Protein Powder","Larry Lobster","Austin, TX",21,"$713.79","2023-01-09 11:29:49","$608.79"
"Paul Stevens","Skirt","Larry Lobster","Austin, TX",23,"$344.77","2023-01-09 11:29:49","$201.02"
"Paul Stevens","Noodles","Larry Lobster","Austin, TX",10,"$19.90","2023-01-09 11:29:49","$18.40"
"Paul Stevens","Protein Powder","Larry Lobster","Austin, TX",15,"$509.85","2023-01-09 11:29:49","$434.85"
"Paul Stevens","Oat Bar","Larry Lobster","Austin, TX",20,"$19.80","2023-01-09 11:29:49","$17.80"
"Paul Stevens","Protein Powder","Edward Eaton","Austin, TX",7,"$237.93","2023-01-09 11:29:49","$202.93"
"Paul Stevens","T-shirt","Edward Eaton","Austin, TX",22,"$329.78","2023-01-09 11:29:49","$252.78"
"Paul Stevens","Foldable Table","Larry Lobster","Austin, TX",17,"$679.83","2023-01-09 11:29:49","$509.83"
"Paul Stevens","Barbie Doll","Edward Eaton","Austin, TX",4,"$39.96","2023-01-09 11:29:49","$31.96"
"Paul Stevens","Protein Powder","Edward Eaton","Austin, TX",6,"$203.94","2023-01-10 10:41:21","$173.94"
"Paul Stevens","Lego Set","Edward Eaton","Austin, TX",4,"$103.96","2023-01-10 10:41:58","$83.96"
"Paul Stevens","Protein Powder","Larry Lobster","Austin, TX",3,"$101.97","2023-01-10 10:41:58","$86.97"
"Madelyn Mathews","Lego Set","Larry Lobster","Austin, TX",4,"$103.96","2023-01-09 11:26:28","$83.96"
"Madelyn Mathews","Skirt","Larry Lobster","Austin, TX",10,"$149.90","2023-01-09 11:26:28","$87.40"
"Madelyn Mathews","Protein Powder","Edward Eaton","Austin, TX",15,"$509.85","2023-01-09 11:26:28","$434.85"
"Madelyn Mathews","Barbie Doll","Edward Eaton","Austin, TX",1,"$9.99","2023-01-09 11:26:28","$7.99"
"Madelyn Mathews","Protein Powder","Larry Lobster","Austin, TX",20,"$679.80","2023-01-09 11:26:28","$579.80"
"Madelyn Mathews","Protein Powder","Edward Eaton","Austin, TX",2,"$67.98","2023-01-09 11:28:19","$57.98"
"Madelyn Mathews","T-shirt","Edward Eaton","Austin, TX",22,"$329.78","2023-01-09 11:28:19","$252.78"
"Madelyn Mathews","Noodles","Larry Lobster","Austin, TX",3,"$5.97","2023-01-09 11:28:19","$5.52"
"Madelyn Mathews","Foldable Chair","Larry Lobster","Austin, TX",7,"$139.93","2023-01-09 11:28:19","$103.18"
"Madelyn Mathews","Oat Bar","Larry Lobster","Austin, TX",14,"$13.86","2023-01-09 11:28:19","$12.46"
"Madelyn Mathews","Foldable Table","Larry Lobster","Austin, TX",15,"$599.85","2023-01-09 11:28:19","$449.85"
"Madelyn Mathews","Barbie Doll","Edward Eaton","Austin, TX",19,"$189.81","2023-01-09 11:29:48","$151.81"
"Madelyn Mathews","Desk chair","Edward Eaton","Austin, TX",14,"$839.86","2023-01-09 11:29:48","$626.36"
"Madelyn Mathews","Noodles","Larry Lobster","Austin, TX",18,"$35.82","2023-01-09 11:29:48","$33.12"
"Madelyn Mathews","Foldable Table","Larry Lobster","Austin, TX",20,"$799.80","2023-01-09 11:29:48","$599.80"
"Madelyn Mathews","Toy Car","Edward Eaton","Austin, TX",21,"$47.25","2023-01-09 11:29:48","$42.00"
"Madelyn Mathews","Oat Bar","Edward Eaton","Austin, TX",25,"$24.75","2023-01-09 11:29:48","$22.25"
"Madelyn Mathews","Desk chair","Larry Lobster","Austin, TX",15,"$899.85","2023-01-09 11:29:48","$671.10"
"Madelyn Mathews","Noodles","Edward Eaton","Austin, TX",14,"$27.86","2023-01-09 11:29:48","$25.76"
"Madelyn Mathews","Noodles","Larry Lobster","Austin, TX",3,"$5.97","2023-01-09 11:29:48","$5.52"
"Madelyn Mathews","Skirt","Larry Lobster","Austin, TX",10,"$149.90","2023-01-09 11:29:48","$87.40"
"Madelyn Mathews","Noodles","Edward Eaton","Austin, TX",3,"$5.97","2023-01-09 11:29:48","$5.52"
"Madelyn Mathews","Oat Bar","Edward Eaton","Austin, TX",24,"$23.76","2023-01-09 11:29:48","$21.36"
"Madelyn Mathews","Foldable Chair","Larry Lobster","Austin, TX",12,"$239.88","2023-01-09 11:29:48","$176.88"
"Madelyn Mathews","Lego Set","Larry Lobster","Austin, TX",23,"$597.77","2023-01-09 11:29:48","$482.77"
"Madelyn Mathews","Lego Set","Larry Lobster","Austin, TX",2,"$51.98","2023-01-09 11:29:48","$41.98"
"Madelyn Mathews","Shorts","Edward Eaton","Austin, TX",20,"$299.80","2023-01-09 11:29:48","$199.80"
"Madelyn Mathews","Oat Bar","Larry Lobster","Austin, TX",5,"$4.95","2023-01-09 11:29:48","$4.45"
"Madelyn Mathews","Barbie Doll","Edward Eaton","Austin, TX",15,"$149.85","2023-01-09 11:29:48","$119.85"
"Madelyn Mathews","Lego Set","Edward Eaton","Austin, TX",3,"$77.97","2023-01-09 11:29:49","$62.97"
"Madelyn Mathews","Hats","Edward Eaton","Austin, TX",12,"$119.88","2023-01-09 11:29:49","$95.88"
"Madelyn Mathews","Shorts","Larry Lobster","Austin, TX",14,"$209.86","2023-01-09 11:29:49","$139.86"
"Madelyn Mathews","Shorts","Larry Lobster","Austin, TX",18,"$269.82","2023-01-09 11:29:49","$179.82"
"Madelyn Mathews","Foldable Chair","Larry Lobster","Austin, TX",21,"$419.79","2023-01-09 11:29:49","$309.54"
"Madelyn Mathews","Oat Bar","Larry Lobster","Austin, TX",16,"$15.84","2023-01-09 11:29:49","$14.24"
"Madelyn Mathews","T-shirt","Larry Lobster","Austin, TX",3,"$44.97","2023-01-09 11:29:49","$34.47"
"Madelyn Mathews","Protein Powder","Larry Lobster","Austin, TX",22,"$747.78","2023-01-09 11:29:49","$637.78"
"Madelyn Mathews","Shorts","Larry Lobster","Austin, TX",24,"$359.76","2023-01-09 11:29:49","$239.76"
"Madelyn Mathews","Desk chair","Edward Eaton","Austin, TX",14,"$839.86","2023-01-09 11:29:49","$626.36"
"Madelyn Mathews","Barbie Doll","Edward Eaton","Austin, TX",18,"$179.82","2023-01-09 11:29:49","$143.82"
"Madelyn Mathews","Barbie Doll","Larry Lobster","Austin, TX",23,"$229.77","2023-01-09 11:29:49","$183.77"
"Madelyn Mathews","Skirt","Edward Eaton","Austin, TX",2,"$29.98","2023-01-09 11:29:49","$17.48"
"Madelyn Mathews","Barbie Doll","Edward Eaton","Austin, TX",23,"$229.77","2023-01-09 11:29:49","$183.77"
"Madelyn Mathews","Shorts","Larry Lobster","Austin, TX",14,"$209.86","2023-01-09 11:29:49","$139.86"
"Madelyn Mathews","Shorts","Larry Lobster","Austin, TX",17,"$254.83","2023-01-10 10:41:21","$169.83"
"Madelyn Mathews","Foldable Chair","Larry Lobster","Austin, TX",7,"$139.93","2023-01-10 10:41:21","$103.18"
"Bob Billy","Hats","Manuel Gomez","Waco, TX",6,"$59.94","2023-01-09 11:28:19","$47.94"
"Bob Billy","Hats","Hailey Munoz","Waco, TX",11,"$109.89","2023-01-09 11:28:19","$87.89"
"Bob Billy","T-shirt","Manuel Gomez","Waco, TX",18,"$269.82","2023-01-09 11:28:19","$206.82"
"Bob Billy","Barbie Doll","Hailey Munoz","Waco, TX",15,"$149.85","2023-01-09 11:28:19","$119.85"
"Bob Billy","Protein Powder","Manuel Gomez","Waco, TX",18,"$611.82","2023-01-09 11:28:19","$521.82"
"Bob Billy","Noodles","Hailey Munoz","Waco, TX",23,"$45.77","2023-01-09 11:29:48","$42.32"
"Bob Billy","T-shirt","Hailey Munoz","Waco, TX",23,"$344.77","2023-01-09 11:29:48","$264.27"
"Bob Billy","Protein Powder","Manuel Gomez","Waco, TX",3,"$101.97","2023-01-09 11:29:48","$86.97"
"Bob Billy","Oat Bar","Hailey Munoz","Waco, TX",5,"$4.95","2023-01-09 11:29:48","$4.45"
"Bob Billy","T-shirt","Manuel Gomez","Waco, TX",22,"$329.78","2023-01-09 11:29:48","$252.78"
"Bob Billy","Skirt","Hailey Munoz","Waco, TX",21,"$314.79","2023-01-09 11:29:48","$183.54"
"Bob Billy","Protein Powder","Manuel Gomez","Waco, TX",2,"$67.98","2023-01-09 11:29:48","$57.98"
"Bob Billy","Protein Powder","Hailey Munoz","Waco, TX",16,"$543.84","2023-01-09 11:29:48","$463.84"
"Bob Billy","Foldable Chair","Manuel Gomez","Waco, TX",21,"$419.79","2023-01-09 11:29:48","$309.54"
"Bob Billy","Oat Bar","Manuel Gomez","Waco, TX",6,"$5.94","2023-01-09 11:29:48","$5.34"
"Bob Billy","Foldable Chair","Hailey Munoz","Waco, TX",22,"$439.78","2023-01-09 11:29:48","$324.28"
"Bob Billy","Lego Set","Manuel Gomez","Waco, TX",18,"$467.82","2023-01-09 11:29:48","$377.82"
"Bob Billy","Oat Bar","Hailey Munoz","Waco, TX",1,"$0.99","2023-01-09 11:29:48","$0.89"
"Bob Billy","Protein Powder","Hailey Munoz","Waco, TX",22,"$747.78","2023-01-09 11:29:48","$637.78"
"Bob Billy","Foldable Chair","Hailey Munoz","Waco, TX",8,"$159.92","2023-01-09 11:29:48","$117.92"
"Bob Billy","Oat Bar","Hailey Munoz","Waco, TX",25,"$24.75","2023-01-09 11:29:48","$22.25"
"Bob Billy","Noodles","Hailey Munoz","Waco, TX",8,"$15.92","2023-01-09 11:29:48","$14.72"
"Bob Billy","Lego Set","Hailey Munoz","Waco, TX",12,"$311.88","2023-01-09 11:29:48","$251.88"
"Bob Billy","Foldable Chair","Manuel Gomez","Waco, TX",2,"$39.98","2023-01-09 11:29:48","$29.48"
"Bob Billy","Lego Set","Hailey Munoz","Waco, TX",13,"$337.87","2023-01-09 11:29:48","$272.87"
"Bob Billy","Oat Bar","Hailey Munoz","Waco, TX",7,"$6.93","2023-01-09 11:29:48","$6.23"
"Bob Billy","Noodles","Hailey Munoz","Waco, TX",23,"$45.77","2023-01-09 11:29:48","$42.32"
"Bob Billy","Oat Bar","Hailey Munoz","Waco, TX",10,"$9.90","2023-01-09 11:29:48","$8.90"
"Bob Billy","Foldable Chair","Hailey Munoz","Waco, TX",6,"$119.94","2023-01-09 11:29:48","$88.44"
"Bob Billy","Noodles","Hailey Munoz","Waco, TX",22,"$43.78","2023-01-09 11:29:48","$40.48"
"Bob Billy","Desk chair","Hailey Munoz","Waco, TX",14,"$839.86","2023-01-09 11:29:48","$626.36"
"Bob Billy","Noodles","Hailey Munoz","Waco, TX",4,"$7.96","2023-01-09 11:29:49","$7.36"
"Bob Billy","Foldable Chair","Manuel Gomez","Waco, TX",12,"$239.88","2023-01-09 11:29:49","$176.88"
"Bob Billy","Desk chair","Manuel Gomez","Waco, TX",5,"$299.95","2023-01-09 11:29:49","$223.70"
"Bob Billy","T-shirt","Hailey Munoz","Waco, TX",13,"$194.87","2023-01-09 11:29:49","$149.37"
"Bob Billy","Skirt","Hailey Munoz","Waco, TX",7,"$104.93","2023-01-09 11:29:49","$61.18"
"Bob Billy","Toy Car","Hailey Munoz","Waco, TX",3,"$6.75","2023-01-09 11:29:49","$6.00"
"Bob Billy","Hats","Hailey Munoz","Waco, TX",2,"$19.98","2023-01-09 11:29:49","$15.98"
"Bob Billy","T-shirt","Hailey Munoz","Waco, TX",13,"$194.87","2023-01-09 11:29:49","$149.37"
"Bob Billy","Toy Car","Hailey Munoz","Waco, TX",16,"$36.00","2023-01-09 11:29:49","$32.00"
"Bob Billy","Hats","Hailey Munoz","Waco, TX",15,"$149.85","2023-01-09 11:29:49","$119.85"
"Bob Billy","Noodles","Hailey Munoz","Waco, TX",9,"$17.91","2023-01-09 11:29:49","$16.56"
"Bob Billy","Oat Bar","Manuel Gomez","Waco, TX",20,"$19.80","2023-01-09 11:29:49","$17.80"
"Bob Billy","T-shirt","Manuel Gomez","Waco, TX",21,"$314.79","2023-01-09 11:29:49","$241.29"
"Bob Billy","Foldable Table","Manuel Gomez","Waco, TX",24,"$959.76","2023-01-10 10:41:21","$719.76"
"Bob Billy","Shorts","Manuel Gomez","Waco, TX",23,"$344.77","2023-01-10 10:41:21","$229.77"
"Bob Billy","Shorts","Hailey Munoz","Waco, TX",19,"$284.81","2023-01-10 10:41:21","$189.81"
"Bob Billy","Foldable Table","Hailey Munoz","Waco, TX",5,"$199.95","2023-01-10 10:41:58","$149.95"
"Bob Billy","Skirt","Manuel Gomez","Waco, TX",7,"$104.93","2023-01-10 10:41:58","$61.18"
"Bob Billy","Oat Bar","Manuel Gomez","Waco, TX",1,"$0.99","2023-01-10 10:41:58","$0.89"
"Bob Billy","Foldable Chair","Manuel Gomez","Waco, TX",21,"$419.79","2023-01-10 10:42:01","$309.54"
"Bob Billy","Skirt","Manuel Gomez","Waco, TX",6,"$89.94","2023-01-10 10:42:01","$52.44"
"Bob Billy","Oat Bar","Hailey Munoz","Waco, TX",6,"$5.94","2023-01-10 10:42:01","$5.34"
"Andrew Shultz","Hats","Manuel Gomez","Waco, TX",2,"$19.98","2023-01-09 11:26:28","$15.98"
"Andrew Shultz","Skirt","Hailey Munoz","Waco, TX",11,"$164.89","2023-01-09 11:26:28","$96.14"
"Andrew Shultz","T-shirt","Manuel Gomez","Waco, TX",22,"$329.78","2023-01-09 11:26:28","$252.78"
"Andrew Shultz","Shorts","Manuel Gomez","Waco, TX",9,"$134.91","2023-01-09 11:26:28","$89.91"
"Andrew Shultz","Desk chair","Manuel Gomez","Waco, TX",9,"$539.91","2023-01-09 11:26:28","$402.66"
"Andrew Shultz","Toy Car","Manuel Gomez","Waco, TX",7,"$15.75","2023-01-09 11:26:28","$14.00"
"Andrew Shultz","Hats","Manuel Gomez","Waco, TX",16,"$159.84","2023-01-09 11:26:28","$127.84"
"Andrew Shultz","Foldable Table","Hailey Munoz","Waco, TX",1,"$39.99","2023-01-09 11:26:28","$29.99"
"Andrew Shultz","Barbie Doll","Manuel Gomez","Waco, TX",9,"$89.91","2023-01-09 11:26:28","$71.91"
"Andrew Shultz","Protein Powder","Manuel Gomez","Waco, TX",7,"$237.93","2023-01-09 11:28:19","$202.93"
"Andrew Shultz","Foldable Chair","Manuel Gomez","Waco, TX",11,"$219.89","2023-01-09 11:28:19","$162.14"
"Andrew Shultz","Shorts","Manuel Gomez","Waco, TX",10,"$149.90","2023-01-09 11:28:19","$99.90"
"Andrew Shultz","Desk chair","Hailey Munoz","Waco, TX",6,"$359.94","2023-01-09 11:28:19","$268.44"
"Andrew Shultz","Shorts","Manuel Gomez","Waco, TX",9,"$134.91","2023-01-09 11:28:19","$89.91"
"Andrew Shultz","Oat Bar","Manuel Gomez","Waco, TX",5,"$4.95","2023-01-09 11:29:48","$4.45"
"Andrew Shultz","Protein Powder","Manuel Gomez","Waco, TX",3,"$101.97","2023-01-09 11:29:48","$86.97"
"Andrew Shultz","Hats","Hailey Munoz","Waco, TX",11,"$109.89","2023-01-09 11:29:48","$87.89"
"Andrew Shultz","Skirt","Manuel Gomez","Waco, TX",5,"$74.95","2023-01-09 11:29:48","$43.70"
"Andrew Shultz","Skirt","Hailey Munoz","Waco, TX",15,"$224.85","2023-01-09 11:29:48","$131.10"
"Andrew Shultz","Oat Bar","Manuel Gomez","Waco, TX",21,"$20.79","2023-01-09 11:29:48","$18.69"
"Andrew Shultz","Hats","Manuel Gomez","Waco, TX",21,"$209.79","2023-01-09 11:29:48","$167.79"
"Andrew Shultz","Desk chair","Manuel Gomez","Waco, TX",4,"$239.96","2023-01-09 11:29:48","$178.96"
"Andrew Shultz","Oat Bar","Hailey Munoz","Waco, TX",15,"$14.85","2023-01-09 11:29:48","$13.35"
"Andrew Shultz","Hats","Manuel Gomez","Waco, TX",21,"$209.79","2023-01-09 11:29:48","$167.79"
"Andrew Shultz","Toy Car","Manuel Gomez","Waco, TX",7,"$15.75","2023-01-09 11:29:48","$14.00"
"Andrew Shultz","Foldable Table","Hailey Munoz","Waco, TX",19,"$759.81","2023-01-09 11:29:48","$569.81"
"Andrew Shultz","Lego Set","Hailey Munoz","Waco, TX",17,"$441.83","2023-01-09 11:29:48","$356.83"
"Andrew Shultz","T-shirt","Hailey Munoz","Waco, TX",24,"$359.76","2023-01-09 11:29:48","$275.76"
"Andrew Shultz","Skirt","Manuel Gomez","Waco, TX",15,"$224.85","2023-01-09 11:29:48","$131.10"
"Andrew Shultz","Oat Bar","Hailey Munoz","Waco, TX",6,"$5.94","2023-01-09 11:29:48","$5.34"
"Andrew Shultz","Foldable Table","Hailey Munoz","Waco, TX",4,"$159.96","2023-01-09 11:29:48","$119.96"
"Andrew Shultz","Shorts","Hailey Munoz","Waco, TX",9,"$134.91","2023-01-09 11:29:48","$89.91"
"Andrew Shultz","Lego Set","Hailey Munoz","Waco, TX",8,"$207.92","2023-01-09 11:29:48","$167.92"
"Andrew Shultz","Foldable Table","Manuel Gomez","Waco, TX",5,"$199.95","2023-01-09 11:29:49","$149.95"
"Andrew Shultz","Shorts","Hailey Munoz","Waco, TX",5,"$74.95","2023-01-09 11:29:49","$49.95"
"Andrew Shultz","Foldable Chair","Manuel Gomez","Waco, TX",12,"$239.88","2023-01-09 11:29:49","$176.88"
"Andrew Shultz","Protein Powder","Manuel Gomez","Waco, TX",21,"$713.79","2023-01-09 11:29:49","$608.79"
"Andrew Shultz","T-shirt","Manuel Gomez","Waco, TX",8,"$119.92","2023-01-09 11:29:49","$91.92"
"Andrew Shultz","Foldable Table","Manuel Gomez","Waco, TX",14,"$559.86","2023-01-09 11:29:49","$419.86"
"Andrew Shultz","Shorts","Hailey Munoz","Waco, TX",19,"$284.81","2023-01-09 11:29:49","$189.81"
"Andrew Shultz","Protein Powder","Hailey Munoz","Waco, TX",16,"$543.84","2023-01-09 11:29:49","$463.84"
"Andrew Shultz","Barbie Doll","Hailey Munoz","Waco, TX",22,"$219.78","2023-01-09 11:29:49","$175.78"
"Andrew Shultz","Barbie Doll","Manuel Gomez","Waco, TX",9,"$89.91","2023-01-09 11:29:49","$71.91"
"Andrew Shultz","Shorts","Manuel Gomez","Waco, TX",14,"$209.86","2023-01-09 11:29:49","$139.86"
"Andrew Shultz","Foldable Table","Hailey Munoz","Waco, TX",21,"$839.79","2023-01-09 11:29:49","$629.79"
"Andrew Shultz","Toy Car","Hailey Munoz","Waco, TX",22,"$49.50","2023-01-09 11:29:49","$44.00"
"Andrew Shultz","Skirt","Hailey Munoz","Waco, TX",5,"$74.95","2023-01-09 11:29:49","$43.70"
"Andrew Shultz","Oat Bar","Hailey Munoz","Waco, TX",24,"$23.76","2023-01-09 11:29:49","$21.36"
"Andrew Shultz","Hats","Hailey Munoz","Waco, TX",1,"$9.99","2023-01-09 11:29:49","$7.99"
"Andrew Shultz","Barbie Doll","Hailey Munoz","Waco, TX",8,"$79.92","2023-01-09 11:29:49","$63.92"
"Andrew Shultz","Toy Car","Manuel Gomez","Waco, TX",3,"$6.75","2023-01-09 11:29:49","$6.00"
"Andrew Shultz","Toy Car","Manuel Gomez","Waco, TX",17,"$38.25","2023-01-09 11:29:49","$34.00"
"Andrew Shultz","Protein Powder","Manuel Gomez","Waco, TX",21,"$713.79","2023-01-09 11:29:49","$608.79"
"Andrew Shultz","Oat Bar","Hailey Munoz","Waco, TX",24,"$23.76","2023-01-09 11:29:49","$21.36"
"Andrew Shultz","Lego Set","Hailey Munoz","Waco, TX",18,"$467.82","2023-01-10 10:41:21","$377.82"
"Andrew Shultz","Skirt","Manuel Gomez","Waco, TX",11,"$164.89","2023-01-10 10:41:58","$96.14"
"Andrew Shultz","Shorts","Hailey Munoz","Waco, TX",19,"$284.81","2023-01-10 10:42:01","$189.81"
"Andrew Shultz","Protein Powder","Hailey Munoz","Waco, TX",11,"$373.89","2023-01-10 10:42:01","$318.89"
"Dillon Cox","T-shirt","Jessica Kent","Tulsa, OK",19,"$284.81","2023-01-09 11:28:19","$218.31"
"Dillon Cox","Protein Powder","Adam Goodyear","Tulsa, OK",2,"$67.98","2023-01-09 11:28:19","$57.98"
"Dillon Cox","Foldable Table","Adam Goodyear","Tulsa, OK",25,"$999.75","2023-01-09 11:28:19","$749.75"
"Dillon Cox","Skirt","Adam Goodyear","Tulsa, OK",24,"$359.76","2023-01-09 11:28:19","$209.76"
"Dillon Cox","Desk chair","Adam Goodyear","Tulsa, OK",18,"$1,079.82","2023-01-09 11:28:19","$805.32"
"Dillon Cox","Foldable Chair","Adam Goodyear","Tulsa, OK",21,"$419.79","2023-01-09 11:28:19","$309.54"
"Dillon Cox","Foldable Table","Adam Goodyear","Tulsa, OK",4,"$159.96","2023-01-09 11:29:48","$119.96"
"Dillon Cox","T-shirt","Adam Goodyear","Tulsa, OK",18,"$269.82","2023-01-09 11:29:48","$206.82"
"Dillon Cox","Skirt","Adam Goodyear","Tulsa, OK",25,"$374.75","2023-01-09 11:29:48","$218.50"
"Dillon Cox","Lego Set","Jessica Kent","Tulsa, OK",4,"$103.96","2023-01-09 11:29:48","$83.96"
"Dillon Cox","Foldable Table","Adam Goodyear","Tulsa, OK",10,"$399.90","2023-01-09 11:29:48","$299.90"
"Dillon Cox","Shorts","Jessica Kent","Tulsa, OK",13,"$194.87","2023-01-09 11:29:48","$129.87"
"Dillon Cox","Hats","Jessica Kent","Tulsa, OK",13,"$129.87","2023-01-09 11:29:48","$103.87"
"Dillon Cox","Noodles","Jessica Kent","Tulsa, OK",5,"$9.95","2023-01-09 11:29:48","$9.20"
"Dillon Cox","Lego Set","Jessica Kent","Tulsa, OK",2,"$51.98","2023-01-09 11:29:48","$41.98"
"Dillon Cox","Barbie Doll","Jessica Kent","Tulsa, OK",24,"$239.76","2023-01-09 11:29:48","$191.76"
"Dillon Cox","Barbie Doll","Jessica Kent","Tulsa, OK",10,"$99.90","2023-01-09 11:29:48","$79.90"
"Dillon Cox","T-shirt","Jessica Kent","Tulsa, OK",12,"$179.88","2023-01-09 11:29:49","$137.88"
"Dillon Cox","Desk chair","Adam Goodyear","Tulsa, OK",14,"$839.86","2023-01-09 11:29:49","$626.36"
"Dillon Cox","Foldable Table","Jessica Kent","Tulsa, OK",11,"$439.89","2023-01-09 11:29:49","$329.89"
"Dillon Cox","Foldable Chair","Adam Goodyear","Tulsa, OK",22,"$439.78","2023-01-09 11:29:49","$324.28"
"Dillon Cox","Noodles","Jessica Kent","Tulsa, OK",7,"$13.93","2023-01-09 11:29:49","$12.88"
"Dillon Cox","Foldable Table","Jessica Kent","Tulsa, OK",12,"$479.88","2023-01-09 11:29:49","$359.88"
"Dillon Cox","Toy Car","Jessica Kent","Tulsa, OK",11,"$24.75","2023-01-09 11:29:49","$22.00"
"Dillon Cox","Skirt","Adam Goodyear","Tulsa, OK",20,"$299.80","2023-01-09 11:29:49","$174.80"
"Dillon Cox","Foldable Table","Adam Goodyear","Tulsa, OK",20,"$799.80","2023-01-09 11:29:49","$599.80"
"Dillon Cox","Lego Set","Jessica Kent","Tulsa, OK",7,"$181.93","2023-01-09 11:29:49","$146.93"
"Dillon Cox","Oat Bar","Adam Goodyear","Tulsa, OK",12,"$11.88","2023-01-09 11:29:49","$10.68"
"Dillon Cox","Oat Bar","Jessica Kent","Tulsa, OK",12,"$11.88","2023-01-09 11:29:49","$10.68"
"Dillon Cox","Lego Set","Jessica Kent","Tulsa, OK",12,"$311.88","2023-01-10 10:41:21","$251.88"
"Dillon Cox","T-shirt","Adam Goodyear","Tulsa, OK",13,"$194.87","2023-01-10 10:41:51","$149.37"
"Dillon Cox","Shorts","Jessica Kent","Tulsa, OK",10,"$149.90","2023-01-10 10:41:58","$99.90"
"Patrick Scar","Foldable Table","Jessica Kent","Tulsa, OK",19,"$759.81","2023-01-09 11:26:28","$569.81"
"Patrick Scar","Shorts","Adam Goodyear","Tulsa, OK",11,"$164.89","2023-01-09 11:26:28","$109.89"
"Patrick Scar","Toy Car","Jessica Kent","Tulsa, OK",21,"$47.25","2023-01-09 11:26:28","$42.00"
"Patrick Scar","T-shirt","Jessica Kent","Tulsa, OK",18,"$269.82","2023-01-09 11:26:28","$206.82"
"Patrick Scar","Oat Bar","Adam Goodyear","Tulsa, OK",10,"$9.90","2023-01-09 11:28:19","$8.90"
"Patrick Scar","T-shirt","Jessica Kent","Tulsa, OK",23,"$344.77","2023-01-09 11:28:19","$264.27"
"Patrick Scar","Lego Set","Adam Goodyear","Tulsa, OK",8,"$207.92","2023-01-09 11:28:19","$167.92"
"Patrick Scar","Noodles","Adam Goodyear","Tulsa, OK",23,"$45.77","2023-01-09 11:29:48","$42.32"
"Patrick Scar","Skirt","Jessica Kent","Tulsa, OK",1,"$14.99","2023-01-09 11:29:48","$8.74"
"Patrick Scar","T-shirt","Jessica Kent","Tulsa, OK",4,"$59.96","2023-01-09 11:29:48","$45.96"
"Patrick Scar","Skirt","Jessica Kent","Tulsa, OK",21,"$314.79","2023-01-09 11:29:48","$183.54"
"Patrick Scar","Protein Powder","Adam Goodyear","Tulsa, OK",16,"$543.84","2023-01-09 11:29:48","$463.84"
"Patrick Scar","Foldable Chair","Jessica Kent","Tulsa, OK",6,"$119.94","2023-01-09 11:29:48","$88.44"
"Patrick Scar","Barbie Doll","Jessica Kent","Tulsa, OK",20,"$199.80","2023-01-09 11:29:48","$159.80"
"Patrick Scar","T-shirt","Adam Goodyear","Tulsa, OK",13,"$194.87","2023-01-09 11:29:48","$149.37"
"Patrick Scar","Foldable Chair","Jessica Kent","Tulsa, OK",20,"$399.80","2023-01-09 11:29:48","$294.80"
"Patrick Scar","Barbie Doll","Jessica Kent","Tulsa, OK",14,"$139.86","2023-01-09 11:29:48","$111.86"
"Patrick Scar","Toy Car","Jessica Kent","Tulsa, OK",22,"$49.50","2023-01-09 11:29:48","$44.00"
"Patrick Scar","Hats","Jessica Kent","Tulsa, OK",6,"$59.94","2023-01-09 11:29:48","$47.94"
"Patrick Scar","Shorts","Adam Goodyear","Tulsa, OK",1,"$14.99","2023-01-09 11:29:48","$9.99"
"Patrick Scar","Shorts","Jessica Kent","Tulsa, OK",20,"$299.80","2023-01-09 11:29:49","$199.80"
"Patrick Scar","T-shirt","Adam Goodyear","Tulsa, OK",4,"$59.96","2023-01-09 11:29:49","$45.96"
"Patrick Scar","Protein Powder","Adam Goodyear","Tulsa, OK",11,"$373.89","2023-01-09 11:29:49","$318.89"
"Patrick Scar","Toy Car","Adam Goodyear","Tulsa, OK",2,"$4.50","2023-01-09 11:29:49","$4.00"
"Patrick Scar","Noodles","Jessica Kent","Tulsa, OK",13,"$25.87","2023-01-09 11:29:49","$23.92"
"Patrick Scar","Barbie Doll","Adam Goodyear","Tulsa, OK",11,"$109.89","2023-01-10 10:41:58","$87.89"
